2012_ALVL_P1_Q1.tex, "Equations and Inequalities"
2012_ALVL_P1_Q10.tex, "Applications of Integrations - Area and Volume"
2012_ALVL_P1_Q11.tex, "Differential Equations"
2012_ALVL_P1_Q2.tex, "Applications of Integrations - Area and Volume"
2012_ALVL_P1_Q3.tex, "Arithmetic and Geometric Progression Series"
2012_ALVL_P1_Q4.tex, "Binomial Expnasio"
2012_ALVL_P1_Q5.tex, "Applications of Integrations - Area and Volume"
2012_ALVL_P1_Q6.tex, "Complex Numbers"
2012_ALVL_P1_Q7.tex, "Equations and Inequalities"
2012_ALVL_P1_Q8.tex, "Differential Equations"
2012_ALVL_P1_Q9.tex, "Differential Equations"
2012_ALVL_P2_Q1.tex, "Differential Equations"
2012_ALVL_P2_Q10.tex, "Binomial and Normal Disrtributions"
2012_ALVL_P2_Q2.tex, "Complex Numbers"
2012_ALVL_P2_Q3.tex, "Equations and Inequalities"
2012_ALVL_P2_Q4.tex, "Arithmetic and Geometric Progression Series"
2012_ALVL_P2_Q5.tex, "Probability"
2012_ALVL_P2_Q6.tex, "Hypothesis Testing"
2012_ALVL_P2_Q7.tex, "Probability"
2012_ALVL_P2_Q8.tex, "Correlation and Regression"
2012_ALVL_P2_Q9.tex, "Binomial and Normal Disrtributions"
2013_ALVL_P1_Q1.tex, "Differential Equations"
2013_ALVL_P1_Q10.tex, "Differential Equations"
2013_ALVL_P1_Q11.tex, "Differential Equations"
2013_ALVL_P1_Q2.tex, "Differential Equations"
2013_ALVL_P1_Q3.tex, "Equations and Inequalities"
2013_ALVL_P1_Q4.tex, "Complex Numbers"
2013_ALVL_P1_Q5.tex, "Applications of Integrations - Area and Volume"
2013_ALVL_P1_Q6.tex, "Binomial Expnasio"
2013_ALVL_P1_Q7.tex, "Binomial Expnasio"
2013_ALVL_P1_Q8.tex, "Complex Numbers"
2013_ALVL_P1_Q9.tex, "Arithmetic and Geometric Progression Series"
2013_ALVL_P2_Q1.tex, "Equations and Inequalities"
2013_ALVL_P2_Q10.tex, "Correlation and Regression"
2013_ALVL_P2_Q11.tex, "Probability"
2013_ALVL_P2_Q12.tex, "Binomial and Normal Disrtributions"
2013_ALVL_P2_Q2.tex, "Applications of Integrations - Area and Volume"
2013_ALVL_P2_Q3.tex, "Binomial Expnasio"
2013_ALVL_P2_Q4.tex, "Differential Equations"
2013_ALVL_P2_Q5.tex, "Probability"
2013_ALVL_P2_Q6.tex, "Binomial and Normal Disrtributions"
2013_ALVL_P2_Q7.tex, "Binomial and Normal Disrtributions"
2013_ALVL_P2_Q8.tex, "Probability"
2013_ALVL_P2_Q9.tex, "Hypothesis Testing"
2014_ALVL_P1_Q1.tex, "Differential Equations"
2014_ALVL_P1_Q10.tex, "Differential Equations"
2014_ALVL_P1_Q11.tex, "Applications of Integrations - Area and Volume"
2014_ALVL_P1_Q2.tex, "Differential Equations"
2014_ALVL_P1_Q3.tex, "Vectors"
2014_ALVL_P1_Q4.tex, "Differential Equations"
2014_ALVL_P1_Q5.tex, "Complex Numbers"
2014_ALVL_P1_Q6.tex, "Arithmetic and Geometric Progression Series"
2014_ALVL_P1_Q7.tex, "Applications of Integrations - Area and Volume"
2014_ALVL_P1_Q8.tex, "Binomial Expnasio"
2014_ALVL_P1_Q9.tex, "Differential Equations"
2014_ALVL_P2_Q1.tex, "Differential Equations"
2014_ALVL_P2_Q10.tex, "Probability"
2014_ALVL_P2_Q11.tex, "Probability"
2014_ALVL_P2_Q2.tex, "Applications of Integrations - Area and Volume"
2014_ALVL_P2_Q3.tex, "Arithmetic and Geometric Progression Series"
2014_ALVL_P2_Q4.tex, "Complex Numbers"
2014_ALVL_P2_Q5.tex, "Binomial and Normal Disrtributions"
2014_ALVL_P2_Q6.tex, "Permutations and Combinations"
2014_ALVL_P2_Q7.tex, "Probability"
2014_ALVL_P2_Q8.tex, "Correlation and Regression"
2014_ALVL_P2_Q9.tex, "Hypothesis Testing"
2015_ALVL_P1_Q1.tex, "Differential Equations"
2015_ALVL_P1_Q10.tex, "Applications of Integrations - Area and Volume"
2015_ALVL_P1_Q11.tex, "Differential Equations"
2015_ALVL_P1_Q2.tex, "Equations and Inequalities"
2015_ALVL_P1_Q3.tex, "Arithmetic and Geometric Progression Series"
2015_ALVL_P1_Q4.tex, "Applications of Integrations - Area and Volume"
2015_ALVL_P1_Q5.tex, "Differential Equations"
2015_ALVL_P1_Q6.tex, "Binomial Expnasio"
2015_ALVL_P1_Q7.tex, "Differential Equations"
2015_ALVL_P1_Q8.tex, "Differential Equations"
2015_ALVL_P1_Q9.tex, "Complex Numbers"
2015_ALVL_P2_Q1.tex, "Differential Equations"
2015_ALVL_P2_Q10.tex, "Correlation and Regression"
2015_ALVL_P2_Q11.tex, "Permutations and Combinations"
2015_ALVL_P2_Q12.tex, "Binomial and Normal Disrtributions"
2015_ALVL_P2_Q2.tex, "Differential Equations"
2015_ALVL_P2_Q3.tex, "Equations and Inequalities"
2015_ALVL_P2_Q4.tex, "Arithmetic and Geometric Progression Series"
2015_ALVL_P2_Q5.tex, "Hypothesis Testing"
2015_ALVL_P2_Q6.tex, "Probability"
2015_ALVL_P2_Q7.tex, "Binomial and Normal Disrtributions"
2015_ALVL_P2_Q8.tex, "Binomial and Normal Disrtributions"
2015_ALVL_P2_Q9.tex, "Probability"
2016_ALVL_P1_Q1.tex, "Equations and Inequalities"
2016_ALVL_P1_Q10.tex, "Equations and Inequalities"
2016_ALVL_P1_Q11.tex, "Differential Equations"
2016_ALVL_P1_Q2.tex, "Differential Equations"
2016_ALVL_P1_Q3.tex, "Differential Equations"
2016_ALVL_P1_Q4.tex, "Arithmetic and Geometric Progression Series"
2016_ALVL_P1_Q5.tex, "Differential Equations"
2016_ALVL_P1_Q6.tex, "Arithmetic and Geometric Progression Series"
2016_ALVL_P1_Q7.tex, "Complex Numbers"
2016_ALVL_P1_Q8.tex, "Binomial Expnasio"
2016_ALVL_P1_Q9.tex, "Differential Equations"
2016_ALVL_P2_Q1.tex, "Applications of Integrations - Area and Volume"
2016_ALVL_P2_Q10.tex, "Probability"
2016_ALVL_P2_Q2.tex, "Applications of Integrations - Area and Volume"
2016_ALVL_P2_Q3.tex, "Differential Equations"
2016_ALVL_P2_Q4.tex, "Complex Numbers"
2016_ALVL_P2_Q5.tex, "Probability"
2016_ALVL_P2_Q6.tex, "Hypothesis Testing"
2016_ALVL_P2_Q7.tex, "Permutations and Combinations"
2016_ALVL_P2_Q8.tex, "Correlation and Regression"
2016_ALVL_P2_Q9.tex, "Binomial and Normal Disrtributions"
2017_ALVL_P1_Q1.tex, "Binomial Expnasio"
2017_ALVL_P1_Q10.tex, "Differential Equations"
2017_ALVL_P1_Q11.tex, "Differential Equations"
2017_ALVL_P1_Q2.tex, "Equations and Inequalities"
2017_ALVL_P1_Q3.tex, "Differential Equations"
2017_ALVL_P1_Q4.tex, "Differential Equations"
2017_ALVL_P1_Q5.tex, "Differential Equations"
2017_ALVL_P1_Q6.tex, "Differential Equations"
2017_ALVL_P1_Q7.tex, "Applications of Integrations - Area and Volume"
2017_ALVL_P1_Q8.tex, "Complex Numbers"
2017_ALVL_P1_Q9.tex, "Arithmetic and Geometric Progression Series"
2017_ALVL_P2_Q1.tex, "Differential Equations"
2017_ALVL_P2_Q10.tex, "Binomial and Normal Disrtributions"
2017_ALVL_P2_Q2.tex, "Arithmetic and Geometric Progression Series"
2017_ALVL_P2_Q3.tex, "Differential Equations"
2017_ALVL_P2_Q4.tex, "Applications of Integrations - Area and Volume"
2017_ALVL_P2_Q5.tex, "Probability"
2017_ALVL_P2_Q6.tex, "Permutations and Combinations"
2017_ALVL_P2_Q7.tex, "Binomial and Normal Disrtributions"
2017_ALVL_P2_Q8.tex, "Correlation and Regression"
2017_ALVL_P2_Q9.tex, "Binomial and Normal Disrtributions"
2018_ALVL_P1_Q1.tex, "Differential Equations"
2018_ALVL_P1_Q10.tex, "Differential Equations"
2018_ALVL_P1_Q11.tex, "Arithmetic and Geometric Progression Series"
2018_ALVL_P1_Q2.tex, "Applications of Integrations - Area and Volume"
2018_ALVL_P1_Q3.tex, "Differential Equations"
2018_ALVL_P1_Q4.tex, "Equations and Inequalities"
2018_ALVL_P1_Q5.tex, "Differential Equations"
2018_ALVL_P1_Q6.tex, "Vectors"
2018_ALVL_P1_Q7.tex, "Differential Equations"
2018_ALVL_P1_Q8.tex, "Arithmetic and Geometric Progression Series"
2018_ALVL_P1_Q9.tex, "Differential Equations"
2018_ALVL_P2_Q1.tex, "Differential Equations"
2018_ALVL_P2_Q10.tex, "Binomial and Normal Disrtributions"
2018_ALVL_P2_Q2.tex, "Complex Numbers"
2018_ALVL_P2_Q3.tex, "Differential Equations"
2018_ALVL_P2_Q4.tex, "Binomial Expnasio"
2018_ALVL_P2_Q5.tex, "Hypothesis Testing"
2018_ALVL_P2_Q6.tex, "Probability"
2018_ALVL_P2_Q7.tex, "Probability"
2018_ALVL_P2_Q8.tex, "Binomial and Normal Disrtributions"
2018_ALVL_P2_Q9.tex, "Differential Equations"
2019_ALVL_P1_Q1.tex, "Complex Numbers"
2019_ALVL_P1_Q10.tex, "Applications of Integrations - Area and Volume"
2019_ALVL_P1_Q11.tex, "Differential Equations"
2019_ALVL_P1_Q12.tex, "Differential Equations"
2019_ALVL_P1_Q2.tex, "Equations and Inequalities"
2019_ALVL_P1_Q3.tex, "Differential Equations"
2019_ALVL_P1_Q4.tex, "Graphing"
2019_ALVL_P1_Q5.tex, "Differential Equations"
2019_ALVL_P1_Q6.tex, "Binomial Expnasio"
2019_ALVL_P1_Q7.tex, "Differential Equations"
2019_ALVL_P1_Q8.tex, "Arithmetic and Geometric Progression Series"
2019_ALVL_P1_Q9.tex, "Complex Numbers"
2019_ALVL_P2_Q1.tex, "Complex Numbers"
2019_ALVL_P2_Q10.tex, "Binomial and Normal Disrtributions"
2019_ALVL_P2_Q11.tex, "Binomial and Normal Disrtributions"
2019_ALVL_P2_Q2.tex, "Applications of Integrations - Area and Volume"
2019_ALVL_P2_Q3.tex, "Differential Equations"
2019_ALVL_P2_Q4.tex, "Arithmetic and Geometric Progression Series"
2019_ALVL_P2_Q5.tex, "Binomial Expnasio"
2019_ALVL_P2_Q6.tex, "Probability"
2019_ALVL_P2_Q7.tex, "Permutations and Combinations"
2019_ALVL_P2_Q8.tex, "Hypothesis Testing"
2019_ALVL_P2_Q9.tex, "Correlation and Regression"
2020_ALVL_P1_Q1.tex, "Vectors"
2020_ALVL_P1_Q10.tex, "Differential Equations"
2020_ALVL_P1_Q11.tex, "Differential Equations"
2020_ALVL_P1_Q2.tex, "Differential Equations"
2020_ALVL_P1_Q3.tex, "Binomial Expnasio"
2020_ALVL_P1_Q4.tex, "Complex Numbers"
2020_ALVL_P1_Q5.tex, "Differential Equations"
2020_ALVL_P1_Q6.tex, "Complex Numbers"
2020_ALVL_P1_Q7.tex, "Applications of Integrations - Area and Volume"
2020_ALVL_P1_Q8.tex, "Arithmetic and Geometric Progression Series"
2020_ALVL_P1_Q9.tex, "Equations and Inequalities"
2020_ALVL_P2_Q1.tex, "Differential Equations"
2020_ALVL_P2_Q10.tex, "Hypothesis Testing"
2020_ALVL_P2_Q2.tex, "Arithmetic and Geometric Progression Series"
2020_ALVL_P2_Q3.tex, "Differential Equations"
2020_ALVL_P2_Q4.tex, "Applications of Integrations - Area and Volume"
2020_ALVL_P2_Q5.tex, "Probability"
2020_ALVL_P2_Q6.tex, "Binomial and Normal Disrtributions"
2020_ALVL_P2_Q7.tex, "Probability"
2020_ALVL_P2_Q8.tex, "Probability"
2020_ALVL_P2_Q9.tex, "Binomial and Normal Disrtributions"
2021_ALVL_P1_Q1.tex, "Differential Equations"
2021_ALVL_P1_Q10.tex, "Differential Equations"
2021_ALVL_P1_Q11.tex, "Equations and Inequalities"
2021_ALVL_P1_Q2.tex, "Equations and Inequalities"
2021_ALVL_P1_Q3.tex, "Differential Equations"
2021_ALVL_P1_Q4.tex, "Complex Numbers"
2021_ALVL_P1_Q5.tex, "Arithmetic and Geometric Progression Series"
2021_ALVL_P1_Q6.tex, "Equations and Inequalities"
2021_ALVL_P1_Q7.tex, "Differential Equations"
2021_ALVL_P1_Q8.tex, "Differential Equations"
2021_ALVL_P1_Q9.tex, "Applications of Integrations - Area and Volume"
2021_ALVL_P2_Q1.tex, "Complex Numbers"
2021_ALVL_P2_Q10.tex, "Binomial and Normal Disrtributions"
2021_ALVL_P2_Q11.tex, "Binomial and Normal Disrtributions"
2021_ALVL_P2_Q2.tex, "Applications of Integrations - Area and Volume"
2021_ALVL_P2_Q3.tex, "Differential Equations"
2021_ALVL_P2_Q4.tex, "Arithmetic and Geometric Progression Series"
2021_ALVL_P2_Q5.tex, "Binomial Expnasio"
2021_ALVL_P2_Q6.tex, "Binomial and Normal Disrtributions"
2021_ALVL_P2_Q7.tex, "Permutations and Combinations"
2021_ALVL_P2_Q8.tex, "Hypothesis Testing"
2021_ALVL_P2_Q9.tex, "Correlation and Regression"
2022_ALVL_P1_Q1.tex, "Complex Numbers"
2022_ALVL_P1_Q10.tex, "Equations and Inequalities"
2022_ALVL_P1_Q11.tex, "Equations and Inequalities"
2022_ALVL_P1_Q12.tex, "Differential Equations"
2022_ALVL_P1_Q2.tex, "Binomial Expnasio"
2022_ALVL_P1_Q3.tex, "Differential Equations"
2022_ALVL_P1_Q4.tex, "Applications of Integrations - Area and Volume"
2022_ALVL_P1_Q5.tex, "Differential Equations"
2022_ALVL_P1_Q6.tex, "Differential Equations"
2022_ALVL_P1_Q7.tex, "Differential Equations"
2022_ALVL_P1_Q8.tex, "Applications of Integrations - Area and Volume"
2022_ALVL_P1_Q9.tex, "Arithmetic and Geometric Progression Series"
2022_ALVL_P2_Q1.tex, "Applications of Integrations - Area and Volume"
2022_ALVL_P2_Q10.tex, "Correlation and Regression"
2022_ALVL_P2_Q11.tex, "Binomial and Normal Disrtributions"
2022_ALVL_P2_Q2.tex, "Applications of Integrations - Area and Volume"
2022_ALVL_P2_Q3.tex, "Complex Numbers"
2022_ALVL_P2_Q4.tex, "Binomial Expnasio"
2022_ALVL_P2_Q5.tex, "Applications of Integrations - Area and Volume"
2022_ALVL_P2_Q6.tex, "Probability"
2022_ALVL_P2_Q7.tex, "Hypothesis Testing"
2022_ALVL_P2_Q8.tex, "Binomial and Normal Disrtributions"
2022_ALVL_P2_Q9.tex, "Probability"
